"patient_id","visit_date","age","sex","region","treated","weight_kg","email"
"P-161412","10/06/2023",26,"F","East",0,78.4,"contact1@clinic.example"
"P-154424","21/03/2023",67,"F","East",1,77.5,"contact2@clinic.example"
"P-723843","26/09/2023",63,"M","North",0,,"contact3@clinic.example"
"P-174361","08/02/2023",82,"M","East",1,58,"contact4@clinic.example"
"P-146207","13/08/2023",57,"M","South",1,82.4,"contact5@clinic.example"
"P-509955","20/01/2023",51,"F","East",0,80.7,"contact6@clinic.example"
"P-685892","12/08/2023",54,"F","South",0,64,"contact7@clinic.example"
"P-959667","09/09/2023",26,"F","East",1,54.9,"contact8@clinic.example"
"P-726545","02/05/2023",58,"M","East",1,76.5,"contact9@clinic.example"
"P-686328","14/05/2023",26,"M","North",0,69.9,"contact10@clinic.example"
"P-789059","27/03/2023",35,"M","North",1,77,"contact11@clinic.example"
"P-421502","24/04/2023",54,"M","North",1,58.5,"contact12@clinic.example"
"P-941220","02/06/2023",62,"F","East",1,62.5,"contact13@clinic.example"
"P-349761","02/03/2023",80,"F","South",1,87,"contact14@clinic.example"
"P-865799","14/04/2023",32,"F","North",1,78.8,"contact15@clinic.example"
"P-285657","05/04/2023",46,"F","East",0,81,"contact16@clinic.example"
"P-113609","30/09/2023",61,"M","East",0,,"contact17@clinic.example"
"P-598845","04/07/2023",85,"F","North",0,75.5,"contact18@clinic.example"
"P-783918","27/02/2023",86,"F","North",0,50,"contact19@clinic.example"
"P-491481","31/07/2023",76,"M","North",0,78,"contact20@clinic.example"
"P-621507","07/09/2023",44,"M","South",1,88.1,"contact21@clinic.example"
"P-338549","05/03/2023",45,"F","North",0,98.7,"contact22@clinic.example"
"P-206092","22/04/2023",81,"F","North",1,57.5,"contact23@clinic.example"
"P-843620","10/05/2023",82,"F","South",1,60.2,"contact24@clinic.example"
"P-348033","26/04/2023",34,"M","East",1,65.5,"contact25@clinic.example"
"P-607825","17/03/2023",54,"F","North",1,61.4,"contact26@clinic.example"
"P-242295","05/01/2023",86,"F","South",0,66.3,"contact27@clinic.example"
"P-526928","25/05/2023",52,"F","South",0,71.8,"contact28@clinic.example"
"P-426553","29/07/2023",47,"M","South",1,59.6,"contact29@clinic.example"
"P-202661","15/02/2023",30,"M","South",1,98.4,"contact30@clinic.example"
"P-440097","03/10/2023",77,"F","East",1,75.3,"contact31@clinic.example"
"P-350882","25/10/2023",48,"M","South",0,73,"contact32@clinic.example"
"P-443444","12/09/2023",57,"F","East",0,79.9,"contact33@clinic.example"
"P-174742","01/11/2023",30,"M","South",0,74.4,"contact34@clinic.example"
"P-459097","29/01/2023",25,"F","North",1,72.4,"contact35@clinic.example"
"P-736967","14/07/2023",55,"F","North",0,91.7,"contact36@clinic.example"
"P-386752","05/02/2023",34,"F","East",0,71.4,"contact37@clinic.example"
"P-100102","30/08/2023",48,"M","East",0,58.6,"contact38@clinic.example"
"P-306956","18/01/2023",74,"F","North",0,78.6,"contact39@clinic.example"
"P-732136","25/04/2023",51,"M","South",1,69.8,"contact40@clinic.example"
